﻿pos_x,pos_y,rotation,side,designator,mpn,pack,footprint,value,mount_type,place
107.3,-88.1,0.0,top,C1,,,C_0805_2012Metric,22uF,smt,True
188.13,-83.6675,90.0,top,C10,,,C_0603_1608Metric,1uF,smt,True
165.7,-88.975,90.0,top,C11,,,C_0603_1608Metric,220nF,smt,True
163.95,-88.725,90.0,top,C12,,,C_0805_2012Metric,22uF,smt,True
165.7,-91.975,90.0,top,C13,,,C_0603_1608Metric,100nF,smt,True
189.63,-88.1675,-90.0,top,C14,,,C_0603_1608Metric,220nF,smt,True
182.63,-87.9175,-90.0,top,C15,,,C_0805_2012Metric,22uF,smt,True
189.63,-85.1675,-90.0,top,C16,,,C_0603_1608Metric,100nF,smt,True
170.7,-89.05,-90.0,top,C17,,,C_0603_1608Metric,220nF,smt,True
172.45,-88.9,-90.0,top,C18,,,C_0805_2012Metric,22uF,smt,True
184.38,-88.1675,90.0,top,C19,,,C_0603_1608Metric,220nF,smt,True
103.825,-86.7,180.0,top,C2,,,C_0603_1608Metric,220nF,smt,True
191.38,-87.9175,90.0,top,C20,,,C_0805_2012Metric,22uF,smt,True
171.95,-93.2,180.0,top,C21,,,C_0603_1608Metric,20pF,smt,True
183.13,-85.1675,0.0,top,C22,,,C_0603_1608Metric,20pF,smt,True
172.2,-82.225,-90.0,top,C23,,,C_0805_2012Metric,22uF,smt,True
192.13,-94.8425,90.0,top,C24,,,C_0805_2012Metric,22uF,smt,True
164.2,-82.225,-90.0,top,C25,,,C_0805_2012Metric,22uF,smt,True
181.88,-94.8425,90.0,top,C26,,,C_0805_2012Metric,22uF,smt,True
129.0,-74.0,180.0,top,C27,,,C_0603_1608Metric,100nF,smt,True
139.75,-107.0,180.0,top,C28,,,C_0603_1608Metric,100nF,smt,True
139.875,-99.125,0.0,top,C29,,,C_0603_1608Metric,100nF,smt,True
107.3,-83.7,0.0,top,C3,,,C_0805_2012Metric,22uF,smt,True
145.75,-102.5,0.0,top,C30,,,C_0603_1608Metric,100nF,smt,True
140.75,-96.5,90.0,top,C31,,,C_0603_1608Metric,100nF,smt,True
146.0,-96.5,180.0,top,C32,,,C_0603_1608Metric,100nF,smt,True
152.1,-40.3,0.0,top,C33,,,C_0603_1608Metric,220nF,smt,True
145.6,-45.8,0.0,top,C34,,,C_0603_1608Metric,220nF,smt,True
136.9,-46.5,0.0,top,C35,,,C_0603_1608Metric,220nF,smt,True
132.6,-40.0,0.0,top,C36,,,C_0603_1608Metric,220nF,smt,True
149.375,-92.75,-90.0,top,C37,,,C_0603_1608Metric,100n,smt,True
127.125,-92.875,-90.0,top,C38,,,C_0603_1608Metric,100n,smt,True
103.825,-85.2,180.0,top,C4,,,C_0603_1608Metric,220nF,smt,True
136.99,-60.775,90.0,top,C5,,,C_0603_1608Metric,1uF,smt,True
138.5,-60.775,90.0,top,C6,,,C_0603_1608Metric,1uF,smt,True
162.201992,-74.201992,-45.0,top,C7,,,C_0603_1608Metric,100nF,smt,True
133.8,-60.8,-90.0,top,C8,,,C_0603_1608Metric,100nF,smt,True
166.45,-94.275,0.0,top,C9,,,C_0603_1608Metric,1uF,smt,True
129.875,-100.875,180.0,top,CN1,,,CONN-TH_2P-P2.54_HCTL_HC-2510-2A,HC-2510-2A,tht,True
154.25,-100.75,180.0,top,CN2,,,CONN-TH_2P-P2.54_HCTL_HC-2510-2A,HC-2510-2A,tht,True
142.0,-35.7375,180.0,top,CON1,,,FPC-SMD_40P-P0.50_XDFC-0520-40P,XDFC-0520-40P,tht,True
143.5,-87.25,0.0,top,H1,,,HDR-TH_3P-P2.54-V-M,~,tht,True
100.6855,-85.910998,180.0,top,IC1,,,TO-252-3_L6.6-W6.1-P4.56-LS9.9-TL,LF33CDT-TRY,tht,True
142.5175,-110.835,-90.0,top,IC10,,,SOP-8_L4.9-W3.9-P1.27-LS6.0-BL,LM358,tht,True
138.125,-101.25,0.0,top,IC11,,,SOT-363_L2.0-W1.3-P0.65-LS2.1-BR,INA199A3DCKR,tht,True
146.0,-100.5,180.0,top,IC12,,,SOT-363_L2.0-W1.3-P0.65-LS2.1-BR,INA199A3DCKR,tht,True
131.0,-92.875,-90.0,top,IC13,DRV8872DDAR,,SOIC127P600X170-9N,DRV8872DDAR,smt,True
153.125,-92.875,-90.0,top,IC14,DRV8872DDAR,,SOIC127P600X170-9N,DRV8872DDAR,smt,True
149.19625,-69.4385,0.0,top,IC2,,,WIRELM-SMD_ESP32-S3-WROOM-1,2.4GHz,tht,True
168.2,-90.225,-90.0,top,IC3,,,VQFN-12_L3.0-W2.0-P0.65-BL_TI_RNX,LMR36015FBRNXT,tht,True
187.0,-87.9875,90.0,top,IC4,,,VQFN-12_L3.0-W2.0-P0.65-BL_TI_RNX,LMR36015FBRNXT,tht,True
134.6575,-49.5,-90.0,top,IC5,,,DHVQFN-16_L3.5-W2.5-P0.50-BL-EP,"74HC165BQ,115",tht,True
129.9075,-43.0,-90.0,top,IC6,,,DHVQFN-16_L3.5-W2.5-P0.50-BL-EP,"74HC165BQ,115",tht,True
147.0,-48.923,-90.0,top,IC7,,,DHVQFN-16_L3.5-W2.5-P0.50-BL-EP,"74HC165BQ,115",tht,True
151.9075,-43.5,-90.0,top,IC8,,,DHVQFN-16_L3.5-W2.5-P0.50-BL-EP,"74HC165BQ,115",tht,True
126.73,-78.925,-90.0,top,IC9,,,TSSOP-24_L7.8-W4.4-P0.65-LS6.4-BL,PCA9548APWR,tht,True
133.92,-83.0,90.0,top,J1,,,PinHeader_1x10_P2.54mm_Vertical,Conn_01x10_Pin,tht,True
168.2,-83.975,90.0,top,L1,,,INDPM5552X200N,6.8uH,tht,True
187.0,-93.9175,-90.0,top,L2,,,XAL7030103MEC,10uH,tht,True
193.2,-103.3,90.0,top,LED1,,,LED0603-RD_GREEN,~,tht,True
180.125305,-56.999635,-47.0,top,LED10,,,LED-SMD_4P-L5.0-W5.0-BL_TC5050RGB,5050,tht,True
187.456787,-64.861688,-47.0,top,LED11,,,LED-SMD_4P-L5.0-W5.0-BL_TC5050RGB,5050,tht,True
194.78827,-72.72374,-47.0,top,LED12,,,LED-SMD_4P-L5.0-W5.0-BL_TC5050RGB,5050,tht,True
130.7465,-57.2995,-90.0,top,LED13,,,LED0603-RD_GREEN,~,tht,True
129.031,-57.3035,-90.0,top,LED14,,,LED0603-RD_GREEN,~,tht,True
189.3,-103.4,90.0,top,LED2,,,LED0603-RD_GREEN,~,tht,True
89.192805,-72.72374,47.0,top,LED3,,,LED-SMD_4P-L5.0-W5.0-BL_TC5050RGB,5050,tht,True
96.524287,-64.861688,47.0,top,LED4,,,LED-SMD_4P-L5.0-W5.0-BL_TC5050RGB,5050,tht,True
103.85577,-56.999635,47.0,top,LED5,,,LED-SMD_4P-L5.0-W5.0-BL_TC5050RGB,5050,tht,True
111.187252,-49.137583,47.0,top,LED6,,,LED-SMD_4P-L5.0-W5.0-BL_TC5050RGB,5050,tht,True
118.518734,-41.275531,47.0,top,LED7,,,LED-SMD_4P-L5.0-W5.0-BL_TC5050RGB,5050,tht,True
165.46234,-41.275531,-47.0,top,LED8,,,LED-SMD_4P-L5.0-W5.0-BL_TC5050RGB,5050,tht,True
172.793823,-49.137583,-47.0,top,LED9,,,LED-SMD_4P-L5.0-W5.0-BL_TC5050RGB,5050,tht,True
165.2,-96.95,0.0,top,Q1,,,SOT-23-3_L2.9-W1.4-P1.91-LS2.6-BR,BC817,tht,True
179.755,-79.6675,0.0,top,Q2,,,SOT-23-3_L2.9-W1.4-P1.91-LS2.6-BR,BC817,tht,True
84.4465,-85.112499,90.0,bottom,R1,,,R_0603_1608Metric,5k1,smt,True
183.13,-83.6675,180.0,top,R10,,,R_0603_1608Metric,100k,smt,True
183.13,-82.1675,180.0,top,R11,,,R_0603_1608Metric,24k9,smt,True
120.0,-74.25,180.0,top,R12,,,R_0603_1608Metric,10K,smt,True
133.75,-77.5,0.0,top,R13,,,R_0603_1608Metric,5k1,smt,True
133.75,-76.0,0.0,top,R14,,,R_0603_1608Metric,5k1,smt,True
120.0,-81.25,180.0,top,R15,,,R_0603_1608Metric,5k1,smt,True
120.0,-77.75,180.0,top,R16,,,R_0603_1608Metric,5k1,smt,True
120.0,-76.25,180.0,top,R17,,,R_0603_1608Metric,5k1,smt,True
120.0,-79.75,180.0,top,R18,,,R_0603_1608Metric,5k1,smt,True
142.5175,-114.46,0.0,top,R19,,,R_0603_1608Metric,10kΩ,smt,True
84.4465,-82.112499,-90.0,bottom,R2,,,R_0603_1608Metric,5k1,smt,True
139.2675,-114.46,0.0,top,R20,,,R_0603_1608Metric,10kΩ,smt,True
149.625,-100.875,-90.0,top,R21,,,R1210,0.02Ω-1210,tht,True
134.5,-100.875,90.0,top,R22,,,R1210,0.02Ω-1210,tht,True
138.125,-96.5,90.0,top,R23,,,R0603,1k,tht,True
146.0,-98.125,180.0,top,R24,,,R0603,1k,tht,True
130.813,-60.345,-90.0,top,R25,,,R_0603_1608Metric,1K,smt,True
129.0,-60.424,-90.0,top,R26,,,R_0603_1608Metric,1K,smt,True
135.4,-60.8,-90.0,top,R3,,,R_0603_1608Metric,10K,smt,True
193.2,-100.375,90.0,top,R4,,,R_0603_1608Metric,10K,smt,True
189.3,-100.4,90.0,top,R5,,,R_0603_1608Metric,10K,smt,True
171.95,-96.2,180.0,top,R6,,,R_0603_1608Metric,100k,smt,True
189.63,-82.1675,-90.0,top,R7,,,R_0603_1608Metric,100k,smt,True
171.95,-91.7,0.0,top,R8,,,R_0603_1608Metric,100k,smt,True
171.95,-94.7,0.0,top,R9,,,R_0603_1608Metric,43k2,smt,True
166.5,-69.75,-45.0,top,SW1,,,SW-SMD_L6.1-W3.7-LS7.9,TS3625A-HT,tht,True
134.2,-64.4,0.0,top,SW2,,,SW-SMD_L6.1-W3.7-LS7.9,TS3625A-HT,tht,True
195.5,-81.68,90.0,top,U1,,,CONN-TH_2P-P3.96_HC-VH-2A-TW,HC-VH-2A-TW,tht,True
126.5005,-69.9995,0.0,top,U2,,,IDC-TH_10P-P2.00_C9900022934,DIP_2*5PIN_80MIL,tht,True
86.78225,-83.652499,-90.0,top,USB1,,,TYPE-C-SMD_SBC-160S1A-20-S412,USB4105-GF-A,tht,True
191.2,-101.8,90.0,top,kibuzzard-669AC45D,,,kibuzzard-669AC45D,G***,tht,False
195.2,-101.8,90.0,top,kibuzzard-669AC481,,,kibuzzard-669AC481,G***,tht,False
143.25,-89.5,0.0,top,kibuzzard-669BBA84,,,kibuzzard-669BBA84,G***,tht,False
126.25,-100.75,90.0,top,kibuzzard-669E1D82,,,kibuzzard-669E1D82,G***,tht,False
157.75,-100.5,90.0,top,kibuzzard-669E1D82,,,kibuzzard-669E1D82,G***,tht,False
136.5,-80.75,90.0,top,kibuzzard-669E1EE7,,,kibuzzard-669E1EE7,G***,tht,False
139.03125,-80.75,90.0,top,kibuzzard-669E1EEE,,,kibuzzard-669E1EEE,G***,tht,False
141.5625,-80.75,90.0,top,kibuzzard-669E1EFC,,,kibuzzard-669E1EFC,G***,tht,False
144.09375,-80.75,90.0,top,kibuzzard-669E1F08,,,kibuzzard-669E1F08,G***,tht,False
146.625,-80.75,90.0,top,kibuzzard-669E1F0E,,,kibuzzard-669E1F0E,G***,tht,False
149.15625,-80.75,90.0,top,kibuzzard-669E1F1F,,,kibuzzard-669E1F1F,G***,tht,False
151.6875,-80.75,90.0,top,kibuzzard-669E1F24,,,kibuzzard-669E1F24,G***,tht,False
154.21875,-80.75,90.0,top,kibuzzard-669E1F2D,,,kibuzzard-669E1F2D,G***,tht,False
156.75,-80.75,90.0,top,kibuzzard-669E1F34,,,kibuzzard-669E1F34,G***,tht,False
134.0,-80.75,0.0,top,kibuzzard-669E1F50,,,kibuzzard-669E1F50,G***,tht,False
127.5,-63.5,0.0,top,kibuzzard-669E1FB3,,,kibuzzard-669E1FB3,G***,tht,False
164.5,-71.75,-45.0,top,kibuzzard-669E206F,,,kibuzzard-669E206F,G***,tht,False
127.25,-66.25,0.0,top,kibuzzard-669E2084,,,kibuzzard-669E2084,G***,tht,False
196.25,-87.75,90.0,top,kibuzzard-669E2110,,,kibuzzard-669E2110,G***,tht,False
201.0,-81.75,90.0,top,kibuzzard-669E2194,,,kibuzzard-669E2194,G***,tht,False
129.0,-52.5,90.0,top,kibuzzard-669E23C8,,,kibuzzard-669E23C8,G***,tht,False
130.75,-53.099,90.0,top,kibuzzard-669E23CE,,,kibuzzard-669E23CE,G***,tht,False
