﻿Designator,Quantity,Value,Footprint,Package,MPN,DNP,Mount_Type,Description,JLC_3DModel_Q,JLC_3D_Size,Manufacturer Part,Manufacturer,Supplier Part,Supplier,LCSC Part Name,Height,Mouser Part Number,Mouser Price/Stock,Manufacturer_Name
"C1, C12, C15, C18, C20, C23, C24, C25, C26, C3",10,22uF,C_0805_2012Metric,,,,smt,,,,,,,,,,,,
"C10, C5, C6, C9",4,1uF,C_0603_1608Metric,,,,smt,,,,,,,,,,,,
"C11, C14, C17, C19, C2, C33, C34, C35, C36, C4",10,220nF,C_0603_1608Metric,,,,smt,,,,,,,,,,,,
"C13, C16, C27, C28, C29, C30, C31, C32, C7, C8",10,100nF,C_0603_1608Metric,,,,smt,,,,,,,,,,,,
"C21, C22",2,20pF,C_0603_1608Metric,,,,smt,,,,,,,,,,,,
"C37, C38",2,100n,C_0603_1608Metric,,,,smt,Unpolarized capacitor,,,,,,,,,,,
"CN1, CN2",2,HC-2510-2A,CONN-TH_2P-P2.54_HCTL_HC-2510-2A,,,,tht,Pins Structure:1x2P Pitch:2.54mm Mounting Style:Straight Reference Series:- Number of Pins:2P Number of Rows:1 Number of PINs Per Row:2 Row Spacing:- Current Rating (Max):4A Contact Material:Brass Contact Plating:Tin Operating Temperature Range:-25°C~+85°C,642c599ad94a46eb95874162722be042,5.08 5.81,HC-2510-2A,HCTL(华灿天禄),C2982031,LCSC,1x2P 间距:2.54mm 直插,,,,
CON1,1,XDFC-0520-40P,FPC-SMD_40P-P0.50_XDFC-0520-40P,,,,tht,"Locking Feature:Clamshell Contact Type:Bottom Contact Number of Contacts:40P Pitch:0.5mm Mounting Type:卧贴 FFC, FCB Thickness:0.3mm FFC, FCB Thickness:0.3mm Height Above Board:2mm Contact Material:铜端 Contact Plating:Gold Operating Temperature Range:-40°C~+8",a0c1715c38f14cc9b3d80063c6fa320f,24.41 6.17,XDFC-0520-40P,LX(连欣科技),C7527551,LCSC,FFC/FPC连接器 PH0.5-40PIN H2.0MM 翻盖式 下接/前翻,,,,
H1,1,~,HDR-TH_3P-P2.54-V-M,,,,tht,,af4b4ddffc754c809db3fbd10e5ce24c,7.62 2.54,,,,,,,,,
IC1,1,LF33CDT-TRY,TO-252-3_L6.6-W6.1-P4.56-LS9.9-TL,,,,tht,Output Type:固定 Maximum Input Voltage:16V Output Voltage:3.3V Output Voltage:3.3V MAX Output Current:500mA Dropout Voltage:1.3V@(500mA) standby current:2mA Operating Temperature:-40°C~+125°C Operating Temperature:-40°C~+125°C Output Polarity:Positive electrode,a102ff33090a48ce88193876326f3f8d,6.5 9.7,LF33CDT-TRY,ST(意法半导体),C2970332,LCSC,LF33CDT-TRY,,,,
IC10,1,LM358,SOP-8_L4.9-W3.9-P1.27-LS6.0-BL,,,,tht,,9e479aa4755a4392b89c401224ad1275,4.9 6,LM358,HX(恒佳兴),C2984960,LCSC,LM358,,,,
"IC11, IC12",2,INA199A3DCKR,SOT-363_L2.0-W1.3-P0.65-LS2.1-BR,,,,tht,Supply Voltage:-300mV~26V Supply Voltage:-300mV~26V Supply Current:1.1uA Operating Temperature:-40°C~+125°C Operating Temperature:-40°C~+125°C,9c651890c14f4164885657d2cfe1b0c6,2.1125 2,INA199A3DCKR,TI(德州仪器),C132098,LCSC,INA199A3DCKR,,,,
"IC13, IC14",2,DRV8872DDAR,SOIC127P600X170-9N,,DRV8872DDAR,,smt,3.6A Brushed DC Motor Driver With Fault Reporting (PWM Ctrl) ,,,,,,,,1.7,595-DRV8872DDAR,https://www.mouser.co.uk/ProductDetail/Texas-Instruments/DRV8872DDAR?qs=Fobv33ltQGgHyGKgoxjXAw%3D%3D,Texas Instruments
IC2,1,2.4GHz,WIRELM-SMD_ESP32-S3-WROOM-1,,,,tht,Core Processor:ESP32-S2芯片 Support Interface:I2C；GPIO；SPI；PWM；ADC；UART；USB；I2S Frequency:2.4GHz Output Power:19.5dBm Output Power:19.5dBm,dbf21c799c1c42a38df84fd714a1a1c8,18.002 25.501,ESP32-S2-SOLO-2-N4,ESPRESSIF(乐鑫),C3040594,LCSC,ESP32-S2-SOLO-2-N4,,,,
"IC3, IC4",2,LMR36015FBRNXT,VQFN-12_L3.0-W2.0-P0.65-BL_TI_RNX,,,,tht,,7bd915c62bf34bc98df0c82935ae9120,3.02 2.02,LMR36015FBRNXT,TI(德州仪器),C2867810,LCSC,LMR36015FBRNXT,,,,
"IC5, IC6, IC7, IC8",4,"74HC165BQ,115",DHVQFN-16_L3.5-W2.5-P0.50-BL-EP,,,,tht,Function: Output Type: Series:,4d99e87425fb42edb4baf01ea152fcef,3.52 2.52,"74HC165BQ,115",Nexperia(安世),C426699,LCSC,"74HC165BQ,115",,,,
IC9,1,PCA9548APWR,TSSOP-24_L7.8-W4.4-P0.65-LS6.4-BL,,,,tht,,3ad29e76e90e413f9b5e5f57db7c305b,6.4055 7.8,PCA9548APWR,TI(德州仪器),C295762,LCSC,PCA9548APWR,,,,
J1,1,Conn_01x10_Pin,PinHeader_1x10_P2.54mm_Vertical,,,,tht,"Generic connector, single row, 01x10, script generated",,,,,,,,,,,
L1,1,6.8uH,INDPM5552X200N,,,,tht,,,,,,,,,,,,
L2,1,10uH,XAL7030103MEC,,,,tht,,,,,,,,,,,,
"LED1, LED13, LED14, LED2",4,~,LED0603-RD_GREEN,,,,tht,,d601483df8754c17b4001e7c62024e16|0819f05c4eef4c71ace90d822a990e87,1.602 0.802,,,,,,,,,
"LED10, LED11, LED12, LED3, LED4, LED5, LED6, LED7, LED8, LED9",10,5050,LED-SMD_4P-L5.0-W5.0-BL_TC5050RGB,,,,tht,,590776d7a8da4cc4b6dc5c97cd28bcac,5.4 5,5050,,C9900018310,LCSC,5050,,,,
"Q1, Q2",2,BC817,SOT-23-3_L2.9-W1.4-P1.91-LS2.6-BR,,,,tht,"Transistor Type: Collector Current (Ic): Collector-Emitter Breakdown Voltage (Vceo): Power Dissipation (Pd): Transition Frequency (fT):100MHz Collector Cut-Off Current (Icbo):100nA Collector-Emitter Saturation Voltage (VCE(sat)@Ic,Ib):700mV@500mA,50mA Ope",6dcfcd7d20514f34ae2b96a641bdcd38,2.2 2.7,BC817,High Diode(海德),C466643,LCSC,NPN 电流:500mA 耐压:45V,,,,
"R1, R13, R14, R15, R16, R17, R18, R2",8,5k1,R_0603_1608Metric,,,,smt,,,,,,,,,,,,
"R10, R6, R7, R8",4,100k,R_0603_1608Metric,,,,smt,,,,,,,,,,,,
R11,1,24k9,R_0603_1608Metric,,,,smt,,,,,,,,,,,,
"R12, R3, R4, R5",4,10K,R_0603_1608Metric,,,,smt,,,,,,,,,,,,
"R19, R20",2,10kΩ,R_0603_1608Metric,,,,smt,Type:Thick Film Resistors Resistance:10kΩ Tolerance:±1% Tolerance:±1% Power(Watts): Overload Voltage (Max): Temperature Coefficient:±100ppm/°C Temperature Coefficient:±100ppm/°C Operating Temperature Range:-55°C~+155°C Operating Temperature Range:-55°C~+155°C,,,0603WAF1002T5E,UNI-ROYAL(厚声),C25804,LCSC,厚膜电阻 10kΩ ±1% 100mW,,,,
"R21, R22",2,0.02Ω-1210,R1210,,,,tht,,20ff733cacdd4b0e91bc367113f3d8ae,3.2 2.6,0.02Ω-1210,,C9900009415,LCSC,0Ω-1210,,,,
"R23, R24",2,1k,R0603,,,,tht,,112863783b5b41f1b5254f87eedc7932,0.81 1.62,,,,,,,,,
"R25, R26",2,1K,R_0603_1608Metric,,,,smt,,,,,,,,,,,,
R9,1,43k2,R_0603_1608Metric,,,,smt,,,,,,,,,,,,
"SW1, SW2",2,TS3625A-HT,SW-SMD_L6.1-W3.7-LS7.9,,,,tht,Circuit:SPST Actuator Style:Rectangle button Operating Force:250gf Mounting Style:Brick nogging Switch Length:6.1mm Switch Width:3.65mm Switch Height:2.5mm Contact Current:50mA Voltage Rating (DC):36V With Lamp:- Mechanical Life:-,5bcb8dd5904d4b03b0d06a528dd3df51,7.9 3.6,TS3625A-HT,SHOU HAN(首韩),C412368,LCSC,6.1*3.65*2.5mm 立贴 轻触开关,,,,
U1,1,HC-VH-2A-TW,CONN-TH_2P-P3.96_HC-VH-2A-TW,,,,tht,Pins Structure:1x2P Pitch:3.96mm Mounting Style:Straight Reference Series:VH Number of Pins:2P Number of Rows:1 Number of PINs Per Row:2 Current Rating (Max):7A Contact Material:Brass Contact Plating:Tin Operating Temperature Range:-25°C~+85°C Operating Tem,57bb5847c9ad4b7d85335753a552f1b4,7.93 8.2,HC-VH-2A-TW,HC(虹成电子),C19273812,LCSC,1x2P 间距:3.96mm 直插 系列:VH,,,,
U2,1,DIP_2*5PIN_80MIL,IDC-TH_10P-P2.00_C9900022934,,,,tht,,ec4866059e474e2681db5149cf536177,17.3 5.81,DIP_2*5PIN_80MIL,,C9900022934,LCSC,DIP_2*5PIN_80MIL,,,,
USB1,1,USB4105-GF-A,TYPE-C-SMD_SBC-160S1A-20-S412,,,,tht,,eec994be88cb4492b5cbd2ec56ace2af,8.94 7.555,USB4105-GF-A,GCT,C3020560,LCSC,USB4105-GF-A,,,,
kibuzzard-669AC45D,1,G***,kibuzzard-669AC45D,,,,tht,,,,,,,,,,,,
kibuzzard-669AC481,1,G***,kibuzzard-669AC481,,,,tht,,,,,,,,,,,,
kibuzzard-669BBA84,1,G***,kibuzzard-669BBA84,,,,tht,,,,,,,,,,,,
"kibuzzard-669E1D82, kibuzzard-669E1D82",2,G***,kibuzzard-669E1D82,,,,tht,,,,,,,,,,,,
kibuzzard-669E1EE7,1,G***,kibuzzard-669E1EE7,,,,tht,,,,,,,,,,,,
kibuzzard-669E1EEE,1,G***,kibuzzard-669E1EEE,,,,tht,,,,,,,,,,,,
kibuzzard-669E1EFC,1,G***,kibuzzard-669E1EFC,,,,tht,,,,,,,,,,,,
kibuzzard-669E1F08,1,G***,kibuzzard-669E1F08,,,,tht,,,,,,,,,,,,
kibuzzard-669E1F0E,1,G***,kibuzzard-669E1F0E,,,,tht,,,,,,,,,,,,
kibuzzard-669E1F1F,1,G***,kibuzzard-669E1F1F,,,,tht,,,,,,,,,,,,
kibuzzard-669E1F24,1,G***,kibuzzard-669E1F24,,,,tht,,,,,,,,,,,,
kibuzzard-669E1F2D,1,G***,kibuzzard-669E1F2D,,,,tht,,,,,,,,,,,,
kibuzzard-669E1F34,1,G***,kibuzzard-669E1F34,,,,tht,,,,,,,,,,,,
kibuzzard-669E1F50,1,G***,kibuzzard-669E1F50,,,,tht,,,,,,,,,,,,
kibuzzard-669E1FB3,1,G***,kibuzzard-669E1FB3,,,,tht,,,,,,,,,,,,
kibuzzard-669E206F,1,G***,kibuzzard-669E206F,,,,tht,,,,,,,,,,,,
kibuzzard-669E2084,1,G***,kibuzzard-669E2084,,,,tht,,,,,,,,,,,,
kibuzzard-669E2110,1,G***,kibuzzard-669E2110,,,,tht,,,,,,,,,,,,
kibuzzard-669E2194,1,G***,kibuzzard-669E2194,,,,tht,,,,,,,,,,,,
kibuzzard-669E23C8,1,G***,kibuzzard-669E23C8,,,,tht,,,,,,,,,,,,
kibuzzard-669E23CE,1,G***,kibuzzard-669E23CE,,,,tht,,,,,,,,,,,,
